{
    "A": {
        "x": 713.3395,
        "y": 679.6355
    },
    "Ar_Articulare": {
        "x": 330.84143,
        "y": 549.66327
    },
    "B": {
        "x": 694.4369,
        "y": 842.4444
    },
    "Cm_columela": {
        "x": 831.57404,
        "y": 653.2668
    },
    "D": {
        "x": 649.4723,
        "y": 893.57117
    },
    "Gn_Gnathion": {
        "x": 669.27795,
        "y": 930.44916
    },
    "Go_Gonion": {
        "x": 351.68658,
        "y": 757.39417
    },
    "Is_gornja_vilica": {
        "x": 736.05914,
        "y": 768.4802
    },
    "Li_labrale_inferius": {
        "x": 799.4875,
        "y": 824.75244
    },
    "Ls_Labrale_superius": {
        "x": 811.56274,
        "y": 733.5299
    },
    "Me_Menton": {
        "x": 644.16455,
        "y": 937.7678
    },
    "N_Nasion": {
        "x": 745.4804,
        "y": 418.72278
    },
    "N_nasion_meka_tkiva": {
        "x": 767.5346,
        "y": 446.36453
    },
    "Pg_Pogonion": {
        "x": 681.9947,
        "y": 911.2694
    },
    "Pg_pogonion_meka_tkiva": {
        "x": 731.23737,
        "y": 938.65344
    },
    "Prn_pronasale": {
        "x": 877.04004,
        "y": 616.04407
    },
    "S_Sella": {
        "x": 424.825,
        "y": 420.77206
    },
    "Se_Sella_entrance": {
        "x": 432.75824,
        "y": 415.39618
    },
    "Sn_subnasale": {
        "x": 783.93164,
        "y": 670.81134
    },
    "Sna_Spina_nasalis_anterior": {
        "x": 497.07092,
        "y": 615.0872
    },
    "Snp_Spina_nasalis_poserior": {
        "x": 713.48584,
        "y": 639.48425
    },
    "is_donja_vilica": {
        "x": 736.46375,
        "y": 772.2211
    }
}