,A,Ar_Articulare,B,Cm_columela,D,Gn_Gnathion,Go_Gonion,Is_gornja_vilica,Li_labrale_inferius,Ls_Labrale_superius,Me_Menton,N_Nasion,N_nasion_meka_tkiva,Pg_Pogonion,Pg_pogonion_meka_tkiva,Prn_pronasale,S_Sella,Se_Sella_entrance,Sn_subnasale,Sna_Spina_nasalis_anterior,Snp_Spina_nasalis_poserior,is_donja_vilica
x,726.80145,361.83032,737.7219,803.2636,716.38947,742.76917,424.60074,759.3976,811.0488,807.97656,724.9997,686.77783,707.7011,746.8641,784.33765,827.4801,403.69998,404.38242,772.44214,521.463,724.5233,753.3574
y,597.9784,569.4527,730.1642,566.4524,775.2485,799.5503,731.51526,666.92084,701.2215,626.04974,811.1462,369.6789,390.96658,780.0609,790.61127,539.9032,438.5274,431.74228,582.9015,585.1187,575.20734,666.2156
