,A,Ar_Articulare,B,Cm_columela,D,Gn_Gnathion,Go_Gonion,Is_gornja_vilica,Li_labrale_inferius,Ls_Labrale_superius,Me_Menton,N_Nasion,N_nasion_meka_tkiva,Pg_Pogonion,Pg_pogonion_meka_tkiva,Prn_pronasale,S_Sella,Se_Sella_entrance,Sn_subnasale,Sna_Spina_nasalis_anterior,Snp_Spina_nasalis_poserior,is_donja_vilica
x,767.3244,351.36072,758.54565,865.17505,726.221,749.8309,395.0765,794.41986,854.29004,858.9766,729.9469,765.9671,789.3965,759.85345,808.3018,891.29425,435.72577,443.34662,826.7831,531.4681,766.0086,783.4665
y,646.4577,559.0431,781.7282,612.9797,829.261,861.9219,750.1887,719.783,763.53143,683.44696,874.4274,407.38947,431.3812,842.3752,865.3599,580.87213,436.68042,429.24405,630.76776,607.14795,602.29614,716.7207
