,A,Ar_Articulare,B,Cm_columela,D,Gn_Gnathion,Go_Gonion,Is_gornja_vilica,Li_labrale_inferius,Ls_Labrale_superius,Me_Menton,N_Nasion,N_nasion_meka_tkiva,Pg_Pogonion,Pg_pogonion_meka_tkiva,Prn_pronasale,S_Sella,Se_Sella_entrance,Sn_subnasale,Sna_Spina_nasalis_anterior,Snp_Spina_nasalis_poserior,is_donja_vilica
x,691.26166,341.5807,717.2166,794.30426,688.5249,708.2994,382.54028,712.38306,792.88184,779.7395,687.9999,725.12115,741.4853,719.61426,762.6902,827.39496,422.47168,420.6983,752.00134,487.69067,697.75073,735.7449
y,659.5606,528.147,809.9682,639.5195,855.80084,886.94763,723.40656,733.5402,774.82153,697.52167,893.423,413.9013,440.8882,868.0017,890.4513,610.60205,412.52582,399.5386,653.3443,605.6277,621.54614,739.21045
