,A,Ar_Articulare,B,Cm_columela,D,Gn_Gnathion,Go_Gonion,Is_gornja_vilica,Li_labrale_inferius,Ls_Labrale_superius,Me_Menton,N_Nasion,N_nasion_meka_tkiva,Pg_Pogonion,Pg_pogonion_meka_tkiva,Prn_pronasale,S_Sella,Se_Sella_entrance,Sn_subnasale,Sna_Spina_nasalis_anterior,Snp_Spina_nasalis_poserior,is_donja_vilica
x,754.221,346.8728,710.69696,852.8464,667.2386,689.93463,374.34653,781.0338,824.85266,843.228,668.1967,739.13763,765.54614,698.15283,746.88086,897.4419,423.5711,433.49982,812.0074,508.73746,760.3659,758.75793
y,632.16046,559.3063,794.4599,591.8139,853.724,892.0297,752.6682,720.7979,775.56976,677.61774,902.4514,359.2003,386.51636,872.301,888.0373,557.71814,414.82587,405.99698,610.6246,584.4833,590.21045,718.9989
