,A,Ar_Articulare,B,Cm_columela,D,Gn_Gnathion,Go_Gonion,Is_gornja_vilica,Li_labrale_inferius,Ls_Labrale_superius,Me_Menton,N_Nasion,N_nasion_meka_tkiva,Pg_Pogonion,Pg_pogonion_meka_tkiva,Prn_pronasale,S_Sella,Se_Sella_entrance,Sn_subnasale,Sna_Spina_nasalis_anterior,Snp_Spina_nasalis_poserior,is_donja_vilica
x,743.1325,357.74756,703.29626,813.9624,666.12695,688.5626,397.02756,776.0118,799.4438,822.79877,669.0153,687.6157,711.5074,696.5681,739.1196,839.3254,400.70633,402.32822,783.2481,519.29,746.27826,755.36475
y,568.9383,552.5729,702.795,532.1061,745.4689,774.5611,699.2889,647.72,691.55707,602.38885,783.67444,340.97476,365.99734,756.91254,763.6511,502.83676,421.80585,409.841,548.17535,545.2708,545.9714,645.02075
