,A,Ar_Articulare,B,Cm_columela,D,Gn_Gnathion,Go_Gonion,Is_gornja_vilica,Li_labrale_inferius,Ls_Labrale_superius,Me_Menton,N_Nasion,N_nasion_meka_tkiva,Pg_Pogonion,Pg_pogonion_meka_tkiva,Prn_pronasale,S_Sella,Se_Sella_entrance,Sn_subnasale,Sna_Spina_nasalis_anterior,Snp_Spina_nasalis_poserior,is_donja_vilica
x,743.603,388.8005,717.6255,830.4298,686.0234,707.35956,423.72318,775.50916,805.5485,824.4024,690.0336,725.2252,747.4903,713.8422,760.4331,870.0792,447.38678,445.52704,795.0375,523.2603,759.8523,754.5529
y,612.4407,554.6051,741.01636,578.23505,775.98206,803.59485,709.66284,684.7726,724.2234,643.7865,813.8593,397.13416,416.33746,788.45764,796.9292,548.0718,444.04166,432.61084,596.2588,586.31665,581.97144,680.29694
